{
	"name": "layer",
	"versions": {
		"attack": "14",
		"navigator": "4.9.1",
		"layer": "4.5"
	},
	"domain": "enterprise-attack",
	"description": "",
	"filters": {
		"platforms": [
			"Linux",
			"macOS",
			"Windows",
			"Network",
			"PRE",
			"Containers",
			"Office 365",
			"SaaS",
			"Google Workspace",
			"IaaS",
			"Azure AD"
		]
	},
	"sorting": 0,
	"layout": {
		"layout": "side",
		"aggregateFunction": "average",
		"showID": false,
		"showName": true,
		"showAggregateScores": false,
		"countUnscored": false,
		"expandedSubtechniques": "none"
	},
	"hideDisabled": false,
	"techniques": [
		{
			"techniqueID": "T1583",
			"tactic": "resource-development",
			"color": "#e6550d",
			"comment": "",
			"enabled": true,
			"metadata": [],
			"links": [],
			"showSubtechniques": false
		},
		{
			"techniqueID": "T1583.004",
			"tactic": "resource-development",
			"color": "#e6550d",
			"comment": "",
			"enabled": true,
			"metadata": [],
			"links": [],
			"showSubtechniques": false
		},
		{
			"techniqueID": "T1190",
			"tactic": "initial-access",
			"color": "#e6550d",
			"comment": "",
			"enabled": true,
			"metadata": [],
			"links": [],
			"showSubtechniques": false
		},
		{
			"techniqueID": "T1595",
			"tactic": "reconnaissance",
			"color": "#e6550d",
			"comment": "",
			"enabled": true,
			"metadata": [],
			"links": [],
			"showSubtechniques": false
		},
		{
			"techniqueID": "T1595.001",
			"tactic": "reconnaissance",
			"color": "#e6550d",
			"comment": "",
			"enabled": true,
			"metadata": [],
			"links": [],
			"showSubtechniques": false
		},
		{
			"techniqueID": "T1016",
			"tactic": "discovery",
			"color": "#e6550d",
			"comment": "",
			"enabled": true,
			"metadata": [],
			"links": [],
			"showSubtechniques": false
		},
		{
			"techniqueID": "T1059",
			"tactic": "execution",
			"color": "#e6550d",
			"comment": "",
			"enabled": true,
			"metadata": [],
			"links": [],
			"showSubtechniques": false
		},
		{
			"techniqueID": "T1083",
			"tactic": "discovery",
			"color": "#e6550d",
			"comment": "",
			"enabled": true,
			"metadata": [],
			"links": [],
			"showSubtechniques": false
		},
		{
			"techniqueID": "T1608",
			"tactic": "resource-development",
			"color": "#e6550d",
			"comment": "",
			"enabled": true,
			"metadata": [],
			"links": [],
			"showSubtechniques": false
		},
		{
			"techniqueID": "T1608.001",
			"tactic": "resource-development",
			"color": "#e6550d",
			"comment": "",
			"enabled": true,
			"metadata": [],
			"links": [],
			"showSubtechniques": false
		},
		{
			"techniqueID": "T1078",
			"tactic": "defense-evasion",
			"color": "#e6550d",
			"comment": "",
			"enabled": true,
			"metadata": [],
			"links": [],
			"showSubtechniques": false
		},
		{
			"techniqueID": "T1078",
			"tactic": "persistence",
			"color": "#e6550d",
			"comment": "",
			"enabled": true,
			"metadata": [],
			"links": [],
			"showSubtechniques": false
		},
		{
			"techniqueID": "T1078",
			"tactic": "privilege-escalation",
			"color": "#e6550d",
			"comment": "",
			"enabled": true,
			"metadata": [],
			"links": [],
			"showSubtechniques": false
		},
		{
			"techniqueID": "T1078",
			"tactic": "initial-access",
			"color": "#e6550d",
			"comment": "",
			"enabled": true,
			"metadata": [],
			"links": [],
			"showSubtechniques": false
		},
		{
			"techniqueID": "T1078.001",
			"tactic": "defense-evasion",
			"color": "#e6550d",
			"comment": "",
			"enabled": true,
			"metadata": [],
			"links": [],
			"showSubtechniques": false
		},
		{
			"techniqueID": "T1078.001",
			"tactic": "persistence",
			"color": "#e6550d",
			"comment": "",
			"enabled": true,
			"metadata": [],
			"links": [],
			"showSubtechniques": false
		},
		{
			"techniqueID": "T1078.001",
			"tactic": "privilege-escalation",
			"color": "#e6550d",
			"comment": "",
			"enabled": true,
			"metadata": [],
			"links": [],
			"showSubtechniques": false
		},
		{
			"techniqueID": "T1078.001",
			"tactic": "initial-access",
			"color": "#e6550d",
			"comment": "",
			"enabled": true,
			"metadata": [],
			"links": [],
			"showSubtechniques": false
		},
		{
			"techniqueID": "T1505",
			"tactic": "persistence",
			"color": "#e6550d",
			"comment": "",
			"enabled": true,
			"metadata": [],
			"links": [],
			"showSubtechniques": false
		},
		{
			"techniqueID": "T1505.003",
			"tactic": "persistence",
			"color": "#e6550d",
			"comment": "",
			"enabled": true,
			"metadata": [],
			"links": [],
			"showSubtechniques": false
		}
	],
	"gradient": {
		"colors": [
			"#ff6666ff",
			"#ffe766ff",
			"#8ec843ff"
		],
		"minValue": 0,
		"maxValue": 100
	},
	"legendItems": [],
	"metadata": [],
	"links": [],
	"showTacticRowBackground": false,
	"tacticRowBackground": "#dddddd",
	"selectTechniquesAcrossTactics": true,
	"selectSubtechniquesWithParent": false,
	"selectVisibleTechniques": false
}